Team,URL
Air Force,https://goairforcefalcons.com/sports/baseball/stats
Alabama,https://rolltide.com/sports/baseball/stats
Charlotte,https://charlotte49ers.com/sports/baseball/stats/2024
DBU,https://dbupatriots.com/sports/baseball/stats/2024
FAU,https://fausports.com/sports/baseball/stats/2024
FIU,https://fiusports.com/sports/baseball/stats
Florida International,https://fiusports.com/sports/baseball/stats
LSU,https://lsusports.net/sports/baseball/stats
Little Rock,https://lrtrojans.com/sports/baseball/stats
Louisiana State,https://lsusports.net/sports/baseball/stats
Louisiana Tech,https://latechsports.com/sports/baseball/stats
MTSU,https://goblueraiders.com/sports/baseball/stats
Marshall,https://herdzone.com/sports/baseball/stats
NC State,https://gopack.com/sports/baseball/stats/2024
McNeese State,https://mcneesesports.com/sports/baseball/stats/2024
McNeese,https://mcneesesports.com/sports/baseball/stats/2024
Northwestern State,https://nsudemons.com/sports/baseball/stats/
NSU,https://nsudemons.com/sports/baseball/stats/
Middle Tennessee,https://goblueraiders.com/sports/baseball/stats
ODU,https://odusports.com/sports/baseball/stats
Old Dominion,https://odusports.com/sports/baseball/stats
Ole Miss,https://olemisssports.com/sports/baseball/stats
Rice,https://riceowls.com/sports/baseball/stats
Rider,https://gobroncs.com/sports/baseball/stats
Southern Miss,https://southernmiss.com/sports/baseball/stats/
Tech,https://latechsports.com/sports/baseball/stats
Texas,https://texassports.com/sports/baseball/stats
Tulane,https://tulanegreenwave.com/sports/baseball/stats
UAB,https://uabsports.com/sports/baseball/stats
UL-Lafayette,https://ragincajuns.com/sports/baseball/stats/2024
UL-Monroe, https://ulmwarhawks.com/sports/baseball/stats
ULL,https://ragincajuns.com/sports/baseball/stats/2024
ULM, https://ulmwarhawks.com/sports/baseball/stats
USM,https://southernmiss.com/sports/baseball/stats/
UTSA,https://goutsa.com/sports/baseball/stats
WKU,https://wkusports.com/sports/baseball/stats